gene,variant_id,protein_change,chr_pos,rs_id,consequence,in_correctable,pmid,evidence_source,verification_method,first_author,year,journal,article_title,doi,notes
ADNP,,R730*,chr20:49509063,rs886041116,Nonsense,no,28807863,LLM_ONLY,Sonnet_LLM,Stipoljev F,2017,European journal of medical genetics,Prenatal diagnosis of complex phenotype in a 13-week-old fetus with an interstitial multigene deletion 20q13.13.-q13.2 by chromosomal microarray.,10.1016/j.ejmg.2017.08.010,p.Arg730*
ADNP,,R730*,chr20:49509063,rs886041116,Nonsense,no,29424797,BOTH,regex,Alkhunaizi E,2018,Clinical dysmorphology,Mutation in the ADNP gene associated with Noonan syndrome features.,10.1097/MCD.0000000000000215,p.Arg730*
ADNP,,R730*,chr20:49509063,rs886041116,Nonsense,no,31029150,REGEX_ONLY,regex,Bend EG,2019,Clinical epigenetics,Gene domain-specific DNA methylation episignatures highlight distinct molecular entities of ADNP syndrome.,10.1186/s13148-019-0658-5,"p.long_star,long_star,c.hgvs"
ADNP,,R730*,chr20:49509063,rs886041116,Nonsense,no,31127536,LLM_ONLY,Sonnet_LLM,Levine J,2019,Journal of molecular neuroscience : MN,Developmental Phenotype of the Rare Case of DJ Caused by a Unique ADNP Gene De Novo Mutation.,10.1007/s12031-019-01333-9,p.Arg730*
ADNP,,R730*,chr20:49509063,rs886041116,Nonsense,no,32661233,LLM_ONLY,Sonnet_LLM,Grigg I,2020,Translational psychiatry,Tauopathy in the young autistic brain: novel biomarker and therapeutic target.,10.1038/s41398-020-00904-4,p.Arg730*
ADNP,,R730*,chr20:49509063,rs886041116,Nonsense,no,35920977,LLM_ONLY,Sonnet_LLM,Levine J,2022,Journal of molecular neuroscience : MN,Vineland Adaptive Behavior Scale in a Cohort of Four ADNP Syndrome Patients Implicates Age-Dependent Developmental Delays with Increased Impact of Activities of Daily Living.,10.1007/s12031-022-02048-0,p.Arg730*
ADNP,,R730*,chr20:49509063,rs886041116,Nonsense,no,36082574,BOTH,regex,Shen W,2022,Zhonghua yi xue yi chuan xue za zhi = Zhonghua yixue yichuanxue zazhi = Chinese journal of medical genetics,[Analysis of clinical features and ADNP variant in a child with Helsmoortel-Van der Aa syndrome].,10.3760/cma.j.cn511374-20201124-00825,p.R730*
ADNP,,R730*,chr20:49509063,rs886041116,Nonsense,no,36230962,REGEX_ONLY,regex,Ganaiem M,2022,Cells,Distinct Impairments Characterizing Different ADNP Mutants Reveal Aberrant Cytoplasmic-Nuclear Crosstalk.,10.3390/cells11192994,"p.long_star,long_star"
ADNP,,R730*,chr20:49509063,rs886041116,Nonsense,no,36321748,LLM_ONLY,Sonnet_LLM,Asegaonkar P,2023,American journal of medical genetics. Part A,Expanding the spectrum of ADNP-related disorder-Antenatally diagnosed congenital diaphragmatic hernia and a novel de novo mutation in ADNP gene.,10.1002/ajmg.a.63017,p.Arg730*
ADNP,,R730*,chr20:49509063,rs886041116,Nonsense,no,36669790,LLM_ONLY,Sonnet_LLM,Gozes I,2023,The European journal of neuroscience,A novel davunetide (NAPVSIPQQ to NAPVSIPQE) point mutation in activity-dependent neuroprotective protein (ADNP) causes a mild developmental syndrome.,10.1111/ejn.15920,p.R730* (c.2188 C > T)
ADNP,,R730*,chr20:49509063,rs886041116,Nonsense,no,38926592,REGEX_ONLY,regex,D'Incal CP,2024,Scientific reports,Tracing the invisible mutant ADNP protein in Helsmoortel-Van der Aa syndrome patients.,10.1038/s41598-024-65608-x,long_star
ADNP,,R730*,chr20:49509063,rs886041116,Nonsense,no,39307104,REGEX_ONLY,regex,Mengnan W,2024,Stem cell research,Generation of a human induced pluripotent stem cell line (FDIBSi001-A) from a patient with ADNP syndrome carrying ADNP mutation (c. 2059 T>C).,10.1016/j.scr.2024.103550,"p.short_star,short_star,c.hgvs"
ADNP,,R730*,chr20:49509063,rs886041116,Nonsense,no,39992398,REGEX_ONLY,regex,Scaccini S,2025,Neurogenetics,Axonal motor polyneuropathy in a 13 years old Girl with a de Novo variant in ADNP.,10.1007/s10048-025-00815-w,"p.long_star,long_star"
ADNP,,R730*,chr20:49509063,rs886041116,Nonsense,no,40977432,REGEX_ONLY,regex,Benvenuto M,2026,American journal of medical genetics. Part A,The De Novo p.(Ser802Phe) Variant Causes Helsmoortel-Van der Aa/ ADNP Syndrome in a 24-Year-Old Woman and Is Predicted to Perturb ADNP-DNA Affinity.,10.1002/ajmg.a.64264,"p.short_star,short_star,c.hgvs"
ADNP,,Y719*,chr20:49509094,rs587777526,Nonsense,no,28579975,BOTH,regex,Gozes I,2017,Frontiers in endocrinology,The Eight and a Half Year Journey of Undiagnosed AD: Gene Sequencing and Funding of Advanced Genetic Testing Has Led to Hope and New Beginnings.,10.3389/fendo.2017.00107,p.Tyr719*
ADNP,,Y719*,chr20:49509094,rs587777526,Nonsense,no,28807863,LLM_ONLY,Sonnet_LLM,Stipoljev F,2017,European journal of medical genetics,Prenatal diagnosis of complex phenotype in a 13-week-old fetus with an interstitial multigene deletion 20q13.13.-q13.2 by chromosomal microarray.,10.1016/j.ejmg.2017.08.010,p.Tyr719*
ADNP,,Y719*,chr20:49509094,rs587777526,Nonsense,no,29424797,BOTH,regex,Alkhunaizi E,2018,Clinical dysmorphology,Mutation in the ADNP gene associated with Noonan syndrome features.,10.1097/MCD.0000000000000215,p.Tyr719*
ADNP,,Y719*,chr20:49509094,rs587777526,Nonsense,no,29780943,LLM_ONLY,Sonnet_LLM,Gale MJ,2018,American journal of ophthalmology case reports,Longitudinal ophthalmic findings in a child with Helsmoortel-Van der Aa Syndrome.,10.1016/j.ajoc.2018.03.015,p. Y719X
ADNP,,Y719*,chr20:49509094,rs587777526,Nonsense,no,31029150,REGEX_ONLY,regex,Bend EG,2019,Clinical epigenetics,Gene domain-specific DNA methylation episignatures highlight distinct molecular entities of ADNP syndrome.,10.1186/s13148-019-0658-5,"p.long_star,long_star,c.hgvs"
ADNP,,Y719*,chr20:49509094,rs587777526,Nonsense,no,31127536,LLM_ONLY,Sonnet_LLM,Levine J,2019,Journal of molecular neuroscience : MN,Developmental Phenotype of the Rare Case of DJ Caused by a Unique ADNP Gene De Novo Mutation.,10.1007/s12031-019-01333-9,p.Tyr719*
ADNP,,Y719*,chr20:49509094,rs587777526,Nonsense,no,32661233,BOTH,regex,Grigg I,2020,Translational psychiatry,Tauopathy in the young autistic brain: novel biomarker and therapeutic target.,10.1038/s41398-020-00904-4,p.Tyr719*
ADNP,,Y719*,chr20:49509094,rs587777526,Nonsense,no,33673501,BOTH,regex,Siper PM,2021,Genes,Sensory Reactivity Symptoms Are a Core Feature of ADNP Syndrome Irrespective of Autism Diagnosis.,10.3390/genes12030351,| p.Tyr719* | 719 |
ADNP,,Y719*,chr20:49509094,rs587777526,Nonsense,no,34865853,LLM_ONLY,Sonnet_LLM,Karmon G,2022,Biological psychiatry,Novel ADNP Syndrome Mice Reveal Dramatic Sex-Specific Peripheral Gene Expression With Brain Synaptic and Tau Pathologies.,10.1016/j.biopsych.2021.09.018,p.Tyr719∗
ADNP,,Y719*,chr20:49509094,rs587777526,Nonsense,no,35920977,LLM_ONLY,Sonnet_LLM,Levine J,2022,Journal of molecular neuroscience : MN,Vineland Adaptive Behavior Scale in a Cohort of Four ADNP Syndrome Patients Implicates Age-Dependent Developmental Delays with Increased Impact of Activities of Daily Living.,10.1007/s12031-022-02048-0,p.Tyr719*
ADNP,,Y719*,chr20:49509094,rs587777526,Nonsense,no,36082574,BOTH,regex,Shen W,2022,Zhonghua yi xue yi chuan xue za zhi = Zhonghua yixue yichuanxue zazhi = Chinese journal of medical genetics,[Analysis of clinical features and ADNP variant in a child with Helsmoortel-Van der Aa syndrome].,10.3760/cma.j.cn511374-20201124-00825,p.Y719*
ADNP,,Y719*,chr20:49509094,rs587777526,Nonsense,no,36230962,REGEX_ONLY,regex,Ganaiem M,2022,Cells,Distinct Impairments Characterizing Different ADNP Mutants Reveal Aberrant Cytoplasmic-Nuclear Crosstalk.,10.3390/cells11192994,"p.long_star,long_star"
ADNP,,Y719*,chr20:49509094,rs587777526,Nonsense,no,36321748,LLM_ONLY,Sonnet_LLM,Asegaonkar P,2023,American journal of medical genetics. Part A,Expanding the spectrum of ADNP-related disorder-Antenatally diagnosed congenital diaphragmatic hernia and a novel de novo mutation in ADNP gene.,10.1002/ajmg.a.63017,p.Tyr719*
ADNP,,Y719*,chr20:49509094,rs587777526,Nonsense,no,36669790,BOTH,regex,Gozes I,2023,The European journal of neuroscience,A novel davunetide (NAPVSIPQQ to NAPVSIPQE) point mutation in activity-dependent neuroprotective protein (ADNP) causes a mild developmental syndrome.,10.1111/ejn.15920,p.Y719* (c.2157 C > G)
ADNP,,Y719*,chr20:49509094,rs587777526,Nonsense,no,38572415,BOTH,regex,Al-Sarraj Y,2024,Frontiers in genetics,The genetic landscape of autism spectrum disorder in the Middle Eastern population.,10.3389/fgene.2024.1363849,"p.Y719* (Table 2, row for Patient 36, ADNP NM_001282531.3)"
ADNP,,Y719*,chr20:49509094,rs587777526,Nonsense,no,38637827,LLM_ONLY,Sonnet_LLM,D'Incal C,2024,Acta neuropathologica communications,ADNP dysregulates methylation and mitochondrial gene expression in the cerebellum of a Helsmoortel-Van der Aa syndrome autopsy case.,10.1186/s40478-024-01743-w,`p.Tyr719*`
ADNP,,Y719*,chr20:49509094,rs587777526,Nonsense,no,38926592,REGEX_ONLY,regex,D'Incal CP,2024,Scientific reports,Tracing the invisible mutant ADNP protein in Helsmoortel-Van der Aa syndrome patients.,10.1038/s41598-024-65608-x,"p.long_star,long_star"
ADNP,,Y719*,chr20:49509094,rs587777526,Nonsense,no,39307104,REGEX_ONLY,regex,Mengnan W,2024,Stem cell research,Generation of a human induced pluripotent stem cell line (FDIBSi001-A) from a patient with ADNP syndrome carrying ADNP mutation (c. 2059 T>C).,10.1016/j.scr.2024.103550,"p.short_star,short_star,c.hgvs"
ADNP,,Y719*,chr20:49509094,rs587777526,Nonsense,no,39715923,LLM_ONLY,Sonnet_LLM,Shapira G,2025,Molecular psychiatry,"ADNP is essential for sex-dependent hippocampal neurogenesis, through male unfolded protein response and female mitochondrial gene regulation.",10.1038/s41380-024-02879-w,p.Tyr719*
ADNP,,Y719*,chr20:49509094,rs587777526,Nonsense,no,39992398,REGEX_ONLY,regex,Scaccini S,2025,Neurogenetics,Axonal motor polyneuropathy in a 13 years old Girl with a de Novo variant in ADNP.,10.1007/s10048-025-00815-w,"p.long_star,long_star"
ADNP,,Y719*,chr20:49509094,rs587777526,Nonsense,no,40977432,REGEX_ONLY,regex,Benvenuto M,2026,American journal of medical genetics. Part A,The De Novo p.(Ser802Phe) Variant Causes Helsmoortel-Van der Aa/ ADNP Syndrome in a 24-Year-Old Woman and Is Predicted to Perturb ADNP-DNA Affinity.,10.1002/ajmg.a.64264,"p.short_star,short_star,c.hgvs"
ADNP,,Y719*,chr20:49509094,rs587777526,Nonsense,no,41174994,LLM_ONLY,Sonnet_LLM,D'Incal CP,2025,Autism research : official journal of the International Society for Autism Research,ADNP Exhibits Methyltransferase Activity in Overexpression Systems and Modulates DNA and Histone Methylation.,10.1002/aur.70132,p.Tyr719∗
ADNP,,Y719*,chr20:49509094,rs587777526,Nonsense,no,41255692,BOTH,regex,Suspitsin EN,2025,World journal of clinical pediatrics,Monogenic defects in Russian children with autism spectrum disorders.,10.5409/wjcp.v14.i4.108733,`ADNP NM_001282531.3 c.2157C>G (p.Tyr719*) rs587777526`
ADNP,,S404*,chr20:49510040,rs587777524,Nonsense,no,32661233,LLM_ONLY,Sonnet_LLM,Grigg I,2020,Translational psychiatry,Tauopathy in the young autistic brain: novel biomarker and therapeutic target.,10.1038/s41398-020-00904-4,p.Ser404*
ADNP,,S404*,chr20:49510040,rs587777524,Nonsense,no,35538192,BOTH,regex,Ivashko-Pachima Y,2022,Molecular psychiatry,"SH3- and actin-binding domains connect ADNP and SHANK3, revealing a fundamental shared mechanism underlying autism.",10.1038/s41380-022-01603-w,p.Ser404*
ADNP,,S404*,chr20:49510040,rs587777524,Nonsense,no,36082574,BOTH,regex,Shen W,2022,Zhonghua yi xue yi chuan xue za zhi = Zhonghua yixue yichuanxue zazhi = Chinese journal of medical genetics,[Analysis of clinical features and ADNP variant in a child with Helsmoortel-Van der Aa syndrome].,10.3760/cma.j.cn511374-20201124-00825,p.S404*
ADNP,,S404*,chr20:49510040,rs587777524,Nonsense,no,36230962,BOTH,regex,Ganaiem M,2022,Cells,Distinct Impairments Characterizing Different ADNP Mutants Reveal Aberrant Cytoplasmic-Nuclear Crosstalk.,10.3390/cells11192994,p.Pro403 (p.Ser404* human orthologue)  | 403 / 404
ADNP,,Q368*,chr20:49510149,rs886056775,Nonsense,no,31029150,REGEX_ONLY,regex,Bend EG,2019,Clinical epigenetics,Gene domain-specific DNA methylation episignatures highlight distinct molecular entities of ADNP syndrome.,10.1186/s13148-019-0658-5,"p.long_star,long_star,c.hgvs"
ADNP,,R225*,chr20:49510578,rs1057518991,Nonsense,no,36082574,BOTH,regex,Shen W,2022,Zhonghua yi xue yi chuan xue za zhi = Zhonghua yixue yichuanxue zazhi = Chinese journal of medical genetics,[Analysis of clinical features and ADNP variant in a child with Helsmoortel-Van der Aa syndrome].,10.3760/cma.j.cn511374-20201124-00825,p.R225*
ANK2,ANK2_p.V248M_chr4_114161689,p.V248M,chr4:114161689,rs752395758,Missense,yes,37658721,LOCKED,mode_b_sonnet,Gama M,2023,Acta medica portuguesa,Arrhythmogenic Left Ventricular Cardiomyopathy: A Successful Case of Extracorporeal Cardiopulmonary Resuscitation.,10.20344/amp.19624,"Paper is a comprehensive review of ANK2 variants in cardiovascular disease; Table 1 lists ~80 variants including R990Q, E3570K, V248M, V543M, and V3634I from our list; no other queried variants appear"
ANK2,ANK2_p.V543M_chr4_114195749,p.V543M,chr4:114195749,rs749734339,Missense,yes,37658721,LOCKED,mode_b_sonnet,Gama M,2023,Acta medica portuguesa,Arrhythmogenic Left Ventricular Cardiomyopathy: A Successful Case of Extracorporeal Cardiopulmonary Resuscitation.,10.20344/amp.19624,"Paper is a comprehensive review of ANK2 variants in cardiovascular disease; Table 1 lists ~80 variants including R990Q, E3570K, V248M, V543M, and V3634I from our list; no other queried variants appear"
ANK2,,R895*,chr4:114232545,rs2079862618,Nonsense,no,31285321,BOTH,regex,Yang R,2019,Proceedings of the National Academy of Sciences of the United States of America,,10.1073/pnas.1904348116,R895* [c.2683C > T]
ANK2,,R990*,chr4:114251469,rs1554508985,Nonsense,no,31285321,BOTH,regex,Yang R,2019,Proceedings of the National Academy of Sciences of the United States of America,,10.1073/pnas.1904348116,R990* [c.2968C > T]
ANK2,ANK2_p.R990Q_chr4_114251470,p.R990Q,chr4:114251470,rs373261456,Missense,yes,37658721,LOCKED,mode_b_sonnet,Gama M,2023,Acta medica portuguesa,Arrhythmogenic Left Ventricular Cardiomyopathy: A Successful Case of Extracorporeal Cardiopulmonary Resuscitation.,10.20344/amp.19624,"Paper is a comprehensive review of ANK2 variants in cardiovascular disease; Table 1 lists ~80 variants including R990Q, E3570K, V248M, V543M, and V3634I from our list; no other queried variants appear"
ANK2,ANK2_p.E3570K_chr4_114282005,p.E3570K,chr4:114282005,rs180843436,Missense,yes,37658721,LOCKED,mode_b_sonnet,Gama M,2023,Acta medica portuguesa,Arrhythmogenic Left Ventricular Cardiomyopathy: A Successful Case of Extracorporeal Cardiopulmonary Resuscitation.,10.20344/amp.19624,"Paper is a comprehensive review of ANK2 variants in cardiovascular disease; Table 1 lists ~80 variants including R990Q, E3570K, V248M, V543M, and V3634I from our list; no other queried variants appear"
ANK2,ANK2_p.V3634I_chr4_114286206,p.V3634I,chr4:114286206,rs143228029,Missense,yes,37658721,LOCKED,mode_b_sonnet,Gama M,2023,Acta medica portuguesa,Arrhythmogenic Left Ventricular Cardiomyopathy: A Successful Case of Extracorporeal Cardiopulmonary Resuscitation.,10.20344/amp.19624,"Paper is a comprehensive review of ANK2 variants in cardiovascular disease; Table 1 lists ~80 variants including R990Q, E3570K, V248M, V543M, and V3634I from our list; no other queried variants appear"
ARID1B,,R898*,chr6:157469898,rs794727977,Nonsense,no,34706719,REGEX_ONLY,regex,Lee Y,2021,BMC medical genomics,Phenotypic and molecular spectra of patients with switch/sucrose nonfermenting complex-related intellectual disability disorders in Korea.,10.1186/s12920-021-01104-9,"p.long_star,long_star,c.hgvs"
ASH1L,ASH1L_p.V2080I_chr1_155348166,p.V2080I,chr1:155348166,rs749494995,Missense,yes,38674358,LOCKED,mode_b_sonnet,Cordova I,2024,Genes,Expansion of the Genotypic and Phenotypic Spectrum of,10.3390/genes15040423,"The paper is entirely about ASH1L-related NDD; p.Val2080Ile (listed as c.6238G>A in the paper's supplementary note, attributed to Wang et al.) matches ASH1L_p.V2080I from the query list; no other list"
ASH1L,,G535*,chr1:155451058,NA,Nonsense,no,38674358,BOTH,regex,Cordova I,2024,Genes,Expansion of the Genotypic and Phenotypic Spectrum of,10.3390/genes15040423,"c.1603G > T, p.Gly535*"
ASXL3,,R1036*,chr18:31322918,rs1131691668,Nonsense,no,29305346,REGEX_ONLY,regex,Koboldt DC,2018,Cold Spring Harbor molecular case studies,A de novo nonsense mutation in,10.1101/mcs.a002410,"p.short_X,short_X,c.hgvs"
ASXL3,,R1036*,chr18:31322918,rs1131691668,Nonsense,no,33392332,REGEX_ONLY,regex,Li JR,2020,World journal of clinical cases,Novel mutation in the,10.12998/wjcc.v8.i24.6465,"p.short_star,short_star,c.hgvs"
ASXL3,,R1036*,chr18:31322918,rs1131691668,Nonsense,no,33751541,BOTH,regex,Duan F,2021,Zhonghua yi xue yi chuan xue za zhi = Zhonghua yixue yichuanxue zazhi = Chinese journal of medical genetics,[Analysis of ASXL3 gene variant in a child with Bainbridge-Ropers syndrome].,10.3760/cma.j.cn511374-20200219-00089,c.3106C > T p.(Arg1036*)
ASXL3,,R1036*,chr18:31322918,rs1131691668,Nonsense,no,39610869,LLM_ONLY,Sonnet_LLM,Ling S,2024,Frontiers in neuroscience,Four heterozygous,10.3389/fnins.2024.1456433,c.3106C > T p.(Arg1036*)
ASXL3,,R1444*,chr18:31324142,rs1555744282,Nonsense,no,32517662,BOTH,regex,Yang L,2020,BMC pediatrics,"Bainbridge-ropers syndrome caused by loss-of-function variants in ASXL3: Clinical abnormalities, medical imaging features, and gene variation in infancy of case report.",10.1186/s12887-020-02027-7,"- The `c.4330C>T` variant is called a ""nonsense mutation"" in the text but no protein-level notation (e.g., p.Gln1444*) is given; residue ~1444 is inferred from CDS position."
ASXL3,,R1444*,chr18:31324142,rs1555744282,Nonsense,no,33392332,REGEX_ONLY,regex,Li JR,2020,World journal of clinical cases,Novel mutation in the,10.12998/wjcc.v8.i24.6465,"p.short_star,short_star,c.hgvs"
ASXL3,,R1444*,chr18:31324142,rs1555744282,Nonsense,no,33751541,BOTH,regex,Duan F,2021,Zhonghua yi xue yi chuan xue za zhi = Zhonghua yixue yichuanxue zazhi = Chinese journal of medical genetics,[Analysis of ASXL3 gene variant in a child with Bainbridge-Ropers syndrome].,10.3760/cma.j.cn511374-20200219-00089,c.4330C > T p.(Arg1444*)
ASXL3,,R1444*,chr18:31324142,rs1555744282,Nonsense,no,39610869,LLM_ONLY,Sonnet_LLM,Ling S,2024,Frontiers in neuroscience,Four heterozygous,10.3389/fnins.2024.1456433,c.4330C > T p.(Arg1444*)
ASXL3,,R1444*,chr18:31324142,rs1555744282,Nonsense,no,41659201,REGEX_ONLY,regex,Yang Q,2025,Frontiers in neuroscience,ASXL3 gene variants causing Bainbridge-Ropers syndrome: clinical and genetic analysis of four Chinese patients.,10.3389/fnins.2025.1739877,"p.long_star,long_star,c.hgvs"
ASXL3,,R1467*,chr18:31324211,rs1204482456,Nonsense,no,33751541,BOTH,regex,Duan F,2021,Zhonghua yi xue yi chuan xue za zhi = Zhonghua yixue yichuanxue zazhi = Chinese journal of medical genetics,[Analysis of ASXL3 gene variant in a child with Bainbridge-Ropers syndrome].,10.3760/cma.j.cn511374-20200219-00089,c.4399C > T p.(Arg1467*)
ASXL3,,R1467*,chr18:31324211,rs1204482456,Nonsense,no,39610869,LLM_ONLY,Sonnet_LLM,Ling S,2024,Frontiers in neuroscience,Four heterozygous,10.3389/fnins.2024.1456433,c.4399C > T p.(Arg1467*)
CHD2,CHD2_splice_Nonsense_chr15_93540530,W1261*,chr15:93540530,rs1555444603,Nonsense,yes,35627293,BOTH,regex,Wang X,2022,Genes,Novel Loss-of-Function Variants in,10.3390/genes13050908,p.W1261*
CHD2,CHD2_splice_Nonsense_chr15_93540530,,chr15:93540530,rs1555444603,Nonsense,yes,35774528,LOCKED,mode_a_sonnet,Feng W,2022,Pediatric investigation,Clinical analysis of,10.1002/ped4.12321,"The exact HGVS coding notation c.3782G>A (p.W1261*) appears verbatim in Table 1, Patient 5 row, listed as a nonsense de novo mutation in CHD2."
CHD2,,R1637*,chr15:93563244,rs864309547,Nonsense,no,25783594,BOTH,regex,Galizia EC,2015,Brain : a journal of neurology,CHD2 variants are a risk factor for photosensitivity in epilepsy.,10.1093/brain/awv052,p.R1637X
CHD2,,R1637*,chr15:93563244,rs864309547,Nonsense,no,28910737,REGEX_ONLY,regex,Bernardo P,2017,Seizure,CHD2 mutations: Only epilepsy? Description of cognitive and behavioral profile in a case with a new mutation.,10.1016/j.seizure.2017.09.001,"p.long_star,long_star,c.hgvs"
CHD2,,R1637*,chr15:93563244,rs864309547,Nonsense,no,35386198,REGEX_ONLY,regex,Luo X,2022,Frontiers in cell and developmental biology,Clinical Study of 8 Cases of,10.3389/fcell.2022.853127,c.hgvs
CHD2,,R1679*,chr15:93563370,rs797044912,Nonsense,no,26754451,LLM_ONLY,Sonnet_LLM,Pinto AM,2016,Brain & development,Exome sequencing analysis in a pair of monozygotic twins re-evaluates the genetics behind their intellectual disability and reveals a CHD2 mutation.,10.1016/j.braindev.2015.12.006,p.R1679* (c.5035C>T)
CHD2,,R1679*,chr15:93563370,rs797044912,Nonsense,no,35386198,REGEX_ONLY,regex,Luo X,2022,Frontiers in cell and developmental biology,Clinical Study of 8 Cases of,10.3389/fcell.2022.853127,"short_star,c.hgvs"
CHD2,,R1679*,chr15:93563370,rs797044912,Nonsense,no,38125503,REGEX_ONLY,regex,Angelopoulou E,2023,Heliyon,CHD2 pathogenic nonsense variant in a three-generation family with variable phenotype and a paracentric inversion 16: Case report.,10.1016/j.heliyon.2023.e22987,"rs,p.long_Ter,long_Ter,c.hgvs"
CHD8,,R2217*,chr14:21860788,rs1555313048,Nonsense,no,34415117,REGEX_ONLY,regex,Doummar D,2021,Annals of clinical and translational neurology,Childhood-onset progressive dystonia associated with pathogenic truncating variants in CHD8.,10.1002/acn3.51444,"p.long_star,long_star,c.hgvs"
CHD8,,R1935*,chr14:21862151,rs1555313354,Nonsense,no,30564305,REGEX_ONLY,regex,Guo H,2018,Molecular autism,Inherited and multiple de novo mutations in autism/developmental delay risk genes suggest a multifactorial model.,10.1186/s13229-018-0247-z,"p.short_star,short_star"
CHD8,,R1834*,chr14:21862535,rs55884219,Nonsense,no,30376831,REGEX_ONLY,regex,Wang J,2018,BMC pediatrics,Autism spectrum disorder early in development associated with CHD8 mutations among two Chinese children.,10.1186/s12887-018-1307-4,c.hgvs
CHD8,,R1673*,chr14:21866016,rs1555313924,Nonsense,no,40496977,BOTH,regex,Zhang E,2025,Human mutation,,10.1155/humu/5485987,"p.(Arg1673∗) [c.5017C>T, NM_001170629.2]"
CHD8,,R1662*,chr14:21866049,rs1555313934,Nonsense,no,32309624,BOTH,regex,Alotaibi M,2020,"Discoveries (Craiova, Romania)",A de novo variant of CHD8 in a patient with autism spectrum disorder.,10.15190/d.2020.4,"c.4984C>T, p.Arg1662Ter"
CHD8,,R1337*,chr14:21870169,rs397514552,Nonsense,no,30376831,REGEX_ONLY,regex,Wang J,2018,BMC pediatrics,Autism spectrum disorder early in development associated with CHD8 mutations among two Chinese children.,10.1186/s12887-018-1307-4,c.hgvs
CHD8,,Q1238*,chr14:21871178,rs397514551,Nonsense,no,30376831,REGEX_ONLY,regex,Wang J,2018,BMC pediatrics,Autism spectrum disorder early in development associated with CHD8 mutations among two Chinese children.,10.1186/s12887-018-1307-4,c.hgvs
CHD8,,R1188*,chr14:21871328,rs1555314911,Nonsense,no,31980904,REGEX_ONLY,regex,An Y,2020,Human genetics,"De novo variants in the Helicase-C domain of CHD8 are associated with severe phenotypes including autism, language disability and overgrowth.",10.1007/s00439-020-02115-9,"p.long_X,long_X,c.hgvs"
CHD8,,E883*,chr14:21876554,rs1555315671,Nonsense,no,30376831,BOTH,regex,Wang J,2018,BMC pediatrics,Autism spectrum disorder early in development associated with CHD8 mutations among two Chinese children.,10.1186/s12887-018-1307-4,p.E883X
CHD8,CHD8_p.V744I_chr14_21878144,p.V744I,chr14:21878144,rs996150988,Missense,yes,26637798,LOCKED,PMC full-text,D'Gama AM,2015,Neuron,Targeted DNA Sequencing from Autism Spectrum Disorder Brains Implicates Multiple Genetic Mechanisms.,10.1016/j.neuron.2015.11.009,
CHD8,,E689*,chr14:21882537,rs1555316331,Nonsense,no,31980904,REGEX_ONLY,regex,An Y,2020,Human genetics,"De novo variants in the Helicase-C domain of CHD8 are associated with severe phenotypes including autism, language disability and overgrowth.",10.1007/s00439-020-02115-9,"p.long_X,long_X"
CHD8,,R482*,chr14:21896185,rs2139531559,Nonsense,no,42237036,BOTH,regex,Yılmaz O,2026,Neurogenetics,Adult-onset dystonia associated with CHD8 truncating variants: case series and targeted literature review.,10.1007/s10048-026-00910-6,NM_001170629.2:c.1444C>T (p.Arg482Ter)
CHD8,,S62*,chr14:21899618,rs1331026006,Nonsense,no,30376831,REGEX_ONLY,regex,Wang J,2018,BMC pediatrics,Autism spectrum disorder early in development associated with CHD8 mutations among two Chinese children.,10.1186/s12887-018-1307-4,c.hgvs
CHD8,,S62*,chr14:21899618,,Nonsense,no,38288845,REGEX_ONLY,regex,Basson MA,2024,Biochemical Society transactions,Neurodevelopmental functions of CHD8: new insights and questions.,10.1042/BST20220926,short_X
CHD8,,S62*,chr14:21899618,rs1331026006,Nonsense,no,38557009,BOTH,regex,Ellingford RA,2024,ACS chemical neuroscience,Male-Dominant Effects of Chd8 Haploinsufficiency on Synaptic Phenotypes during Development in Mouse Prefrontal Cortex.,10.1021/acschemneuro.3c00690,Chd8+/S62X
DSCAM,,E1474*,chr21:41452079,rs745374335,Nonsense,no,33170561,REGEX_ONLY,regex,Hildebrandt C,2021,American journal of medical genetics. Part A,"Homozygous deletion of 21q22.2 in a patient with hypotonia, developmental delay, cortical visual impairment, and retinopathy.",10.1002/ajmg.a.61969,"p.long_star,long_star,c.hgvs"
GRIN2B,GRIN2B_p.R696H_chr12_13724822,p.R696H,chr12:13724822,rs1555103971,Missense,yes,28377535,LOCKED,PMC full-text,Platzer K,2017,Journal of medical genetics,,10.1136/jmedgenet-2016-104509,
GRIN2B,GRIN2B_p.R696H_chr12_13724822,p.R696H,chr12:13724822,rs1555103971,Missense,yes,34844267,LOCKED,mode_b_sonnet,Chidambaram S,2022,Neuropediatrics,"Favorable Response to ""Memantine"" in a Child with GRIN2B Epileptic Encephalopathy.",10.1055/s-0041-1739130,"Table 1 explicitly lists GRIN2B c.2087G>A p.(Arg696His) for Individual #5, matching the list alias p.R696H/p.Arg696His; no other listed variants appear under any alias; nine additional GRIN2B variants"
GRIN2B,GRIN2B_splice_Nonsense_chr12_13764762,W559*,chr12:13764762,rs398122825,Nonsense,no,23160955,REGEX_ONLY,regex,O'Roak BJ,2012,"Science (New York, N.Y.)",Multiplex targeted sequencing identifies recurrently mutated genes in autism spectrum disorders.,10.1126/science.1227764,"p.long_X,long_X"
GRIN2B,GRIN2B_p.R540H_chr12_13768083,p.R540H,chr12:13768083,rs672601378,Missense,yes,24272827,LOCKED,PMC full-text,Lemke JR,2014,Annals of neurology,GRIN2B mutations in West syndrome and intellectual disability with focal epilepsy.,10.1002/ana.24073,
GRIN2B,GRIN2B_p.R519Q_chr12_13768146,p.R519Q,chr12:13768146,COSV74205414,Missense,yes,41525846,LOCKED,PMC full-text,Benske TM,2026,The Journal of biological chemistry,A GluN2B disease-associated variant promotes the degradation of NMDA receptors via autophagy.,10.1016/j.jbc.2026.111147,
GRIN2B,,R519*,chr12:13768147,rs774592932,Nonsense,no,41525846,LLM_ONLY,Sonnet_LLM,Benske TM,2026,The Journal of biological chemistry,A GluN2B disease-associated variant promotes the degradation of NMDA receptors via autophagy.,10.1016/j.jbc.2026.111147,truncation due to a nonsense mutation at this site
GRIN2B,GRIN2B_p.C456Y_chr12_13768560,p.C456Y,chr12:13768560,rs397514555,Missense,yes,31299220,LOCKED,mode_b_sonnet,Intson K,2019,Neurobiology of disease,Progressive neuroanatomical changes caused by Grin1 loss-of-function mutation.,10.1016/j.nbd.2019.104527,"The paper mentions Grin2b only as a comparator (ASD/DD-ID model), and explicitly names the C456Y null mutation: ""a mouse mutant that carries a null mutation (C456Y) in Grin2b""; no other GRIN2B variant"
GRIN2B,GRIN2B_p.C456Y_chr12_13768560,p.C456Y,chr12:13768560,rs397514555,Missense,yes,32353004,LOCKED,PMC full-text,Shin W,2020,PLoS biology,Early correction of synaptic long-term depression improves abnormal anxiety-like behavior in adult GluN2B-C456Y-mutant mice.,10.1371/journal.pbio.3000717,
KMT2C,,Y2094*,chr7:151878663,NA,Nonsense,no,38883170,LLM_ONLY,Sonnet_LLM,Hirano-Lotman Y,2024,JAAD case reports,Exome sequencing reveals biallelic inactivation of,10.1016/j.jdcr.2024.04.025,p.Y2094X
KMT2C,KMT2C_p.G892E_chr7_151932996,p.G892E,chr7:151932996,rs372408170,Missense,yes,36702863,LOCKED,PMC full-text,More RP,2023,Molecular psychiatry,Identifying rare genetic variants in 21 highly multiplex autism families: the role of diagnosis and autistic traits.,10.1038/s41380-022-01938-4,
KMT2C,,C391*,chr7:151962134,rs146238849,Nonsense,no,40441397,REGEX_ONLY,regex,Kang J,2025,The Journal of heart and lung transplantation : the official publication of the International Society for Heart Transplantation,Association of Fc gamma-binding protein rs1464897604 polymorphism with bronchiolitis obliterans syndrome in lung transplant recipients.,10.1016/j.healun.2025.05.001,rs
POGZ,,E1047*,chr1:151378372,,Nonsense,no,26942287,REGEX_ONLY,regex,Stessman HAF,2016,American journal of human genetics,Disruption of POGZ Is Associated with Intellectual Disability and Autism Spectrum Disorders.,10.1016/j.ajhg.2016.02.004,"p.long_star,long_star,c.hgvs"
POGZ,,E1047*,chr1:151378372,CM162612,Nonsense,no,32103003,LLM_ONLY,Sonnet_LLM,Matsumura K,2020,Nature communications,Pathogenic POGZ mutation causes impaired cortical development and reversible autism-like phenotypes.,10.1038/s41467-020-14697-z,E1047X (human POGZ)
POGZ,POGZ_p.E1040K_chr1_151378393,p.E1040K,chr1:151378393,rs2102146729,Missense,yes,32103003,LOCKED,PMC full-text,Matsumura K,2020,Nature communications,Pathogenic POGZ mutation causes impaired cortical development and reversible autism-like phenotypes.,10.1038/s41467-020-14697-z,
POGZ,,R1008*,chr1:151378489,rs1085307702,Nonsense,no,26739615,REGEX_ONLY,regex,White J,2016,Genome medicine,POGZ truncating alleles cause syndromic intellectual disability.,10.1186/s13073-015-0253-0,"p.long_star,long_star,c.hgvs"
POGZ,,R1008*,chr1:151378489,rs1085307702,Nonsense,no,26942287,REGEX_ONLY,regex,Stessman HAF,2016,American journal of human genetics,Disruption of POGZ Is Associated with Intellectual Disability and Autism Spectrum Disorders.,10.1016/j.ajhg.2016.02.004,"p.long_star,long_star,c.hgvs"
POGZ,,R1008*,chr1:151378489,rs1085307702,Nonsense,no,27103995,BOTH,regex,Matsumura K,2016,Journal of molecular psychiatry,De novo POGZ mutations in sporadic autism disrupt the DNA-binding activity of POGZ.,10.1186/s40303-016-0016-x,p.R1008X
POGZ,,R1008*,chr1:151378489,rs1085307702,Nonsense,no,32103003,LLM_ONLY,Sonnet_LLM,Matsumura K,2020,Nature communications,Pathogenic POGZ mutation causes impaired cortical development and reversible autism-like phenotypes.,10.1038/s41467-020-14697-z,R1008X (human POGZ)
POGZ,,R1008*,chr1:151378489,rs1085307702,Nonsense,no,37016333,BOTH,regex,Duan J,2023,BMC pediatrics,White-Sutton syndrome and congenital heart disease: case report and literature review.,10.1186/s12887-023-03972-9,R1008X
POGZ,,R997*,chr1:151378522,rs1553212545,Nonsense,no,32103003,LLM_ONLY,Sonnet_LLM,Matsumura K,2020,Nature communications,Pathogenic POGZ mutation causes impaired cortical development and reversible autism-like phenotypes.,10.1038/s41467-020-14697-z,R997X (mouse; corresponds to R1001X in human POGZ)   | 997  (mouse) / 1001 (human)
POGZ,POGZ_p.R476Q_chr1_151396521,p.R476Q,chr1:151396521,rs763820362,Missense,yes,31196716,LOCKED,PMC full-text,Zhao W,2019,Journal of genetics and genomics = Yi chuan xue bao,Rare inherited missense variants of POGZ associate with autism risk and disrupt neuronal development.,10.1016/j.jgg.2019.04.002,
POGZ,POGZ_p.R476Q_chr1_151396521,p.R476Q,chr1:151396521,rs763820362,Missense,yes,33909211,LOCKED,mode_b_sonnet,Wright CM,2022,Journal of autism and developmental disorders,Case Report: Association of Comorbid Psychiatric Disorders and Sigmoid Prolapse with de novo POGZ Mutation.,10.1007/s10803-021-05032-6,"The paper explicitly names p.Arg476Gln (=p.R476Q, c.1427G>A) in Individual 4 and p.Asp459Asn (=p.D459N, c.1375G>A) in Individual 5, plus three additional POGZ variants not in the query list."
POGZ,POGZ_p.D459N_chr1_151396573,p.D459N,chr1:151396573,rs888864913,Missense,yes,31196716,LOCKED,PMC full-text,Zhao W,2019,Journal of genetics and genomics = Yi chuan xue bao,Rare inherited missense variants of POGZ associate with autism risk and disrupt neuronal development.,10.1016/j.jgg.2019.04.002,
POGZ,POGZ_p.D459N_chr1_151396573,p.D459N,chr1:151396573,rs888864913,Missense,yes,33909211,LOCKED,mode_b_sonnet,Wright CM,2022,Journal of autism and developmental disorders,Case Report: Association of Comorbid Psychiatric Disorders and Sigmoid Prolapse with de novo POGZ Mutation.,10.1007/s10803-021-05032-6,"The paper explicitly names p.Arg476Gln (=p.R476Q, c.1427G>A) in Individual 4 and p.Asp459Asn (=p.D459N, c.1375G>A) in Individual 5, plus three additional POGZ variants not in the query list."
POGZ,,Y404*,chr1:151396736,rs1657411559,Nonsense,no,26942287,REGEX_ONLY,regex,Stessman HAF,2016,American journal of human genetics,Disruption of POGZ Is Associated with Intellectual Disability and Autism Spectrum Disorders.,10.1016/j.ajhg.2016.02.004,"p.long_star,long_star,c.hgvs"
POGZ,,Q180*,chr1:151402109,,Nonsense,no,26942287,REGEX_ONLY,regex,Stessman HAF,2016,American journal of human genetics,Disruption of POGZ Is Associated with Intellectual Disability and Autism Spectrum Disorders.,10.1016/j.ajhg.2016.02.004,"p.long_star,long_star,c.hgvs"
PTEN,PTEN_p.D92N_chr10_89692790,p.D92N,chr10:89692790,rs1554898067,Missense,yes,21828076,LOCKED,PMC full-text,Rodríguez-Escudero I,2011,Human molecular genetics,A comprehensive functional analysis of PTEN mutations: implications in tumor- and autism-related syndromes.,10.1093/hmg/ddr337,
PTEN,PTEN_p.D92N_chr10_89692790,p.D92N,chr10:89692790,rs1554898067,Missense,yes,40542759,LOCKED,mode_b_sonnet,Haddad S,2025,Asian Pacific journal of cancer prevention : APJCP,First Screening For Germline Variations In Exon 5 PTEN Gene and Their Contribution to Triple Negative Breast Cancer in Eastern Algeria.,10.31557/APJCP.2025.26.6.1977,"Paper screens PTEN exon 5 in Algerian TNBC patients; p.D92N (c.274G>A) is explicitly named in Table 2 and discussion; the remaining 11 listed variants (splice/nonsense at other positions, p.R173H, p.G"
PTEN,,R130*,chr10:89692904,rs121909224,Nonsense,no,32350270,REGEX_ONLY,regex,Post KL,2020,Nature communications,Multi-model functionalization of disease-associated PTEN missense mutations identifies multiple molecular mechanisms underlying protein dysfunction.,10.1038/s41467-020-15943-0,short_X
PTEN,,R130*,chr10:89692904,rs121909224,Nonsense,no,37339263,REGEX_ONLY,regex,Heldin A,2023,RNA biology,Novel compounds that synergize with aminoglycoside G418 or eRF3 degraders for translational readthrough of nonsense mutant,10.1080/15476286.2023.2222250,short_X
PTEN,,R130*,chr10:89692904,rs121909224,Nonsense,no,39006510,BOTH,regex,Zhao Y,2024,Biomedical reports,A novel mutation in PTEN in anaplastic thyroid carcinoma: A case report.,10.3892/br.2024.1815,p.R130X
PTEN,,R130*,chr10:89692904,rs121909224,Nonsense,no,39156315,LLM_ONLY,Sonnet_LLM,Isa HM,2024,Cureus,Cowden Syndrome: A Rare Cause of Intestinal Polyposis.,10.7759/cureus.64838,p. Arg130*
PTEN,,R130*,chr10:89692904,rs121909224,Nonsense,no,39199607,BOTH,regex,Torices L,2024,Cancers,Potentiation by Protein Synthesis Inducers of Translational Readthrough of Pathogenic Premature Termination Codons in PTEN Isoforms.,10.3390/cancers16162836,"Note: this appears to be only the abstract of PMID 39199607. The specific PTC variants (likely including things like p.R130*, p.Y155*, etc.) would be enumerated in the body text, tables, and figures o"
PTEN,,R130*,chr10:89692904,rs121909224,Nonsense,no,39356721,REGEX_ONLY,regex,Wei R,2024,PLoS computational biology,Quantitative evaluation of DNA damage repair dynamics to elucidate predictors of autism vs. cancer in individuals with germline PTEN variants.,10.1371/journal.pcbi.1012449,"p.long_star,long_star"
PTEN,,R130*,chr10:89692904,rs121909224,Nonsense,no,39920402,BOTH,regex,Boedec M,2025,Familial cancer,Identification of a germline deep intronic PTEN-deletion leading to exonization through whole genome and targeted RNA sequencing.,10.1007/s10689-025-00445-z,p.R130*
PTEN,,R130*,chr10:89692904,rs121909224,Nonsense,no,39994410,REGEX_ONLY,regex,DeSpenza T,2025,Nature neuroscience,PTEN mutations impair CSF dynamics and cortical networks by dysregulating periventricular neural progenitors.,10.1038/s41593-024-01865-3,"p.long_star,long_star"
PTEN,,R130*,chr10:89692904,rs121909224,Nonsense,no,41991228,LLM_ONLY,Sonnet_LLM,Shukla A,2026,BMJ case reports,Bannayan-Riley-Ruvalcaba syndrome with arteriovenous malformation.,10.1136/bcr-2025-269126,"- `p.Arg130*`, `p.Q171*`, `c.388C>T (p.Arg130*)`, `stop-gain at codon 130`, etc."
PTEN,PTEN_splice_Nonsense_chr10_89717615,,chr10:89717615,rs121909227,Nonsense,yes,40245483,LOCKED,mode_b_sonnet,Fallon P,2025,Cancer genetics,Ewing sarcoma of the rib with a rare PTEN mutation.,10.1016/j.cancergen.2025.04.003,"The paper explicitly names PTEN c.640C>T(p.Q214*), which matches the list entry PTEN_splice_Nonsense_chr10_89717615 [rs121909227 | c.640C>T | chr10:89717615]; no other PTEN variants are mentioned."
PTEN,PTEN_splice_Nonsense_chr10_89717615,Q214*,chr10:89717615,rs121909227,Nonsense,no,41986640,REGEX_ONLY,regex,Godina E,2026,BJC reports,Remarkable response of metaplastic breast cancer to a novel targeted AKT inhibitor TAS-117 in a Cowden syndrome patient: a case report.,10.1038/s44276-026-00216-y,"p.short_star,short_star,p.long_Ter,long_Ter,c.hgvs"
PTEN,,R233*,chr10:89717672,rs121909219,Nonsense,no,37339263,REGEX_ONLY,regex,Heldin A,2023,RNA biology,Novel compounds that synergize with aminoglycoside G418 or eRF3 degraders for translational readthrough of nonsense mutant,10.1080/15476286.2023.2222250,short_X
PTEN,,R233*,chr10:89717672,rs121909219,Nonsense,no,37527256,REGEX_ONLY,regex,Torices L,2023,PloS one,Novel anti-PTEN C2 domain monoclonal antibodies to analyse the expression and function of PTEN isoform variants.,10.1371/journal.pone.0289369,short_X
PTEN,,R233*,chr10:89717672,rs121909219,Nonsense,no,39156315,LLM_ONLY,Sonnet_LLM,Isa HM,2024,Cureus,Cowden Syndrome: A Rare Cause of Intestinal Polyposis.,10.7759/cureus.64838,R233X
PTEN,,R233*,chr10:89717672,rs121909219,Nonsense,no,39199607,REGEX_ONLY,regex,Torices L,2024,Cancers,Potentiation by Protein Synthesis Inducers of Translational Readthrough of Pathogenic Premature Termination Codons in PTEN Isoforms.,10.3390/cancers16162836,short_X
PTEN,,R233*,chr10:89717672,rs121909219,Nonsense,no,39920402,BOTH,regex,Boedec M,2025,Familial cancer,Identification of a germline deep intronic PTEN-deletion leading to exonization through whole genome and targeted RNA sequencing.,10.1007/s10689-025-00445-z,p.R233*
PTEN,,R233*,chr10:89717672,rs121909219,Nonsense,no,41986640,REGEX_ONLY,regex,Godina E,2026,BJC reports,Remarkable response of metaplastic breast cancer to a novel targeted AKT inhibitor TAS-117 in a Cowden syndrome patient: a case report.,10.1038/s44276-026-00216-y,"p.short_star,short_star,p.long_Ter,long_Ter,c.hgvs"
PTEN,,R233*,chr10:89717672,rs121909219,Nonsense,no,42258782,REGEX_ONLY,regex,Shibata T,2026,JCO precision oncology,Clonal Evolution of Endometriosis to Peritoneal Endometrioid Carcinoma via,10.1200/PO-26-00056,"p.long_Ter,long_Ter,c.hgvs"
PTEN,,R233*,chr10:89717672,rs121909219,Nonsense,no,9467011,REGEX_ONLY,regex,Marsh DJ,1998,Human molecular genetics,"Mutation spectrum and genotype-phenotype analyses in Cowden disease and Bannayan-Zonana syndrome, two hamartoma syndromes with germline PTEN mutation.",10.1093/hmg/7.3.507,short_X
PTEN,,R335*,chr10:89720852,rs121909231,Nonsense,no,29608813,BOTH,regex,Wong CW,2018,Autism research : official journal of the International Society for Autism Research,"Identification of a PTEN mutation with reduced protein stability, phosphatase activity, and nuclear localization in Hong Kong patients with autistic features, neurodevelopmental delays, and macrocephaly.",10.1002/aur.1950,c. 1003C > T (nonsense variant truncated the protein at codon 335)
PTEN,,R335*,chr10:89720852,rs121909231,Nonsense,no,32350270,REGEX_ONLY,regex,Post KL,2020,Nature communications,Multi-model functionalization of disease-associated PTEN missense mutations identifies multiple molecular mechanisms underlying protein dysfunction.,10.1038/s41467-020-15943-0,short_X
PTEN,,R335*,chr10:89720852,rs121909231,Nonsense,no,34386506,LLM_ONLY,Sonnet_LLM,Innella G,2021,Frontiers in medicine,,10.3389/fmed.2021.688105,c.1003C>T; p.Arg335*
PTEN,,R335*,chr10:89720852,rs121909231,Nonsense,no,37339263,REGEX_ONLY,regex,Heldin A,2023,RNA biology,Novel compounds that synergize with aminoglycoside G418 or eRF3 degraders for translational readthrough of nonsense mutant,10.1080/15476286.2023.2222250,short_X
PTEN,,R335*,chr10:89720852,rs121909231,Nonsense,no,38311565,BOTH,regex,Yan L,2024,Zhonghua yi xue yi chuan xue za zhi = Zhonghua yixue yichuanxue zazhi = Chinese journal of medical genetics,[Analysis of clinical features and genetic variant in a child with Cowden syndrome 1].,10.3760/cma.j.cn511374-20221213-00870,p.Arg335Ter
PTEN,,R335*,chr10:89720852,rs121909231,Nonsense,no,39199607,REGEX_ONLY,regex,Torices L,2024,Cancers,Potentiation by Protein Synthesis Inducers of Translational Readthrough of Pathogenic Premature Termination Codons in PTEN Isoforms.,10.3390/cancers16162836,short_X
PTEN,,R335*,chr10:89720852,rs121909231,Nonsense,no,39356721,REGEX_ONLY,regex,Wei R,2024,PLoS computational biology,Quantitative evaluation of DNA damage repair dynamics to elucidate predictors of autism vs. cancer in individuals with germline PTEN variants.,10.1371/journal.pcbi.1012449,"p.long_star,long_star"
PTEN,,R335*,chr10:89720852,rs121909231,Nonsense,no,39920402,BOTH,regex,Boedec M,2025,Familial cancer,Identification of a germline deep intronic PTEN-deletion leading to exonization through whole genome and targeted RNA sequencing.,10.1007/s10689-025-00445-z,p.R335*
PTEN,,R335*,chr10:89720852,rs121909231,Nonsense,no,39994410,REGEX_ONLY,regex,DeSpenza T,2025,Nature neuroscience,PTEN mutations impair CSF dynamics and cortical networks by dysregulating periventricular neural progenitors.,10.1038/s41593-024-01865-3,"p.long_star,long_star,p.long_X,long_X"
PTEN,,R335*,chr10:89720852,rs121909231,Nonsense,no,41767149,REGEX_ONLY,regex,Saia F,2026,Frontiers in psychiatry,Genetic architecture and clinical features of Tourette syndrome in a child and adolescent cohort: an explorative clinical exome-based study.,10.3389/fpsyt.2026.1744145,"p.long_Ter,long_Ter,c.hgvs"
PTEN,,R335*,chr10:89720852,rs121909231,Nonsense,no,42116069,BOTH,regex,Huang Y,2026,BMC women's health,Management and outcomes of fertility preservation in rare Cowden syndrome-associated endometrial carcinoma: a case series.,10.1186/s12905-026-04502-2,- **p.R335*** — stop-gain (asterisk = stop codon in HGVS)
PTEN,PTEN_splice_Nonsense_chr10_89720857,Y336*,chr10:89720857,rs786201816,Nonsense,yes,37007974,LLM_ONLY,Sonnet_LLM,Hu C,2023,Frontiers in genetics,Targeted sequencing and clinical strategies in children with autism spectrum disorder: A cohort study.,10.3389/fgene.2023.1083779,NM_000314.7:exon8:c.1008C>G:p.Y336X
PTEN,PTEN_splice_Nonsense_chr10_89720857,Y336*,chr10:89720857,rs786201816,Nonsense,yes,42041738,BOTH,regex,Donati E,2026,"Current oncology (Toronto, Ont.)",Unusual Case of Neuromeningeal Late Relapse of POLE Mutated Endometrioid Carcinoma: A Case Report and Systematic Review.,10.3390/curroncol33040219,p.(Tyr336*) exon 8 (allelic frequency 29.71%)
RELN,RELN_p.R2639H_chr7_103155835,p.R2639H,chr7:103155835,rs369735904,Missense,yes,27064498,LOCKED,mode_a_sonnet,Lammert DB,2016,Frontiers in cellular neuroscience,RELN Mutations in Autism Spectrum Disorder.,10.3389/fncel.2016.00084,"R2639H is explicitly named twice — once in the RXR mutation list in the body text, and once in the Figure 2 caption as a corrected annotation from De Rubeis et al. 2014."
RELN,RELN_p.R2639H_chr7_103155835,p.R2639H,chr7:103155835,rs369735904,Missense,yes,28419454,LOCKED,PMC full-text,Lammert DB,2017,Journal of neurochemistry,The de novo autism spectrum disorder RELN R2290C mutation reduces Reelin secretion and increases protein disulfide isomerase expression.,10.1111/jnc.14045,
RELN,RELN_p.R2292H_chr7_103180699,p.R2292H,chr7:103180699,rs565382144,Missense,yes,27064498,LOCKED,mode_a_sonnet,Lammert DB,2016,Frontiers in cellular neuroscience,RELN Mutations in Autism Spectrum Disorder.,10.3389/fncel.2016.00084,R2292H is explicitly named twice — once in the Figure 2 caption and once in the body text — identified as an RXR consensus mutation found in controls (not ASD probands).
RELN,RELN_p.R2211H_chr7_103183217,p.R2211H,chr7:103183217,rs374088118,Missense,yes,32723706,LOCKED,mode_b_sonnet,Michelucci R,2020,Epileptic disorders : international epilepsy journal with videotape,Autosomal dominant lateral temporal lobe epilepsy associated with a novel reelin mutation.,10.1684/epd.2020.1176,The paper reports a novel RELN missense variant c.6631C>T (p.Arg2211Cys); our list contains p.R2211H (c.6632C>T) at the same residue R2211 but a different substitution (His vs Cys) — close enough to f
RELN,RELN_p.R2104H_chr7_103185783,p.R2104H,chr7:103185783,rs750878959,Missense,yes,27064498,LOCKED,mode_a_sonnet,Lammert DB,2016,Frontiers in cellular neuroscience,RELN Mutations in Autism Spectrum Disorder.,10.3389/fncel.2016.00084,R2104H is explicitly named twice in the paper — once in the Figure 2 caption and once in the prose — as an RXR consensus mutation found in controls (not ASD probands).
RELN,RELN_p.G1280E_chr7_103234202,p.G1280E,chr7:103234202,rs55689103,Missense,yes,38980724,LOCKED,PMC full-text,Riva M,2024,The Journal of clinical investigation,De novo monoallelic Reelin missense variants cause dominant neuronal migration disorders via a dominant-negative mechanism.,10.1172/JCI153097,
RELN,,Q417*,chr7:103322603,rs1487246488,Nonsense,no,27064498,BOTH,regex,Lammert DB,2016,Frontiers in cellular neuroscience,RELN Mutations in Autism Spectrum Disorder.,10.3389/fncel.2016.00084,Q417X
SCN2A,,R102*,chr2:166153563,rs387906683,Nonsense,no,28256214,LLM_ONLY,Sonnet_LLM,Ben-Shalom R,2017,Biological psychiatry,Opposing Effects on Na,10.1016/j.biopsych.2017.01.009,"To get exhaustive variant coverage from PMID 28256214 (Volkers et al. / Ben-Shalom et al. 2017 — the paper with p.R102X, p.L1342P, etc.), I would need the full text including Tables 1–2 and the supple"
SCN2A,,R102*,chr2:166153563,rs387906683,Nonsense,no,30175250,LLM_ONLY,Sonnet_LLM,Ogiwara I,2018,Communications biology,Nav1.2 haplodeficiency in excitatory neurons causes absence-like seizures in mice.,10.1038/s42003-018-0099-2,| `SCN2A-R102* (RX)` | 102 |
SCN2A,,R102*,chr2:166153563,rs387906683,Nonsense,no,37642686,LLM_ONLY,Sonnet_LLM,Mithani K,2023,Child's nervous system : ChNS : official journal of the International Society for Pediatric Neurosurgery,Deep brain stimulation for status dystonicus in a toddler with SCN2A-related disorder.,10.1007/s00381-023-06136-3,Scn2a+/R102X
SCN2A,,R102*,chr2:166153563,rs387906683,Nonsense,no,41642117,LLM_ONLY,Sonnet_LLM,Tan M,2026,Epilepsia,Mechanisms of SCN2A loss of function do not predict presence or phenotype of epilepsy.,10.1002/epi.70100,`R102*`
SCN2A,SCN2A_splice_Splice_chr2_166165305,,chr2:166165305,rs796053171,Splice,yes,24650168,LOCKED,LLM (abstract),Tavassoli T,2014,BMC medical genetics,De novo SCN2A splice site mutation in a boy with Autism spectrum disorder.,10.1186/1471-2350-15-35,
SCN2A,SCN2A_splice_Nonsense_chr2_166172167,R524*,chr2:166172167,rs1553569754,Nonsense,no,38651838,REGEX_ONLY,regex,Berg AT,2024,Brain : a journal of neurology,Expanded clinical phenotype spectrum correlates with variant function in SCN2A-related disorders.,10.1093/brain/awae125,short_X
SCN2A,SCN2A_p.R571H_chr2_166179706,p.R571H,chr2:166179706,rs138138150,Missense,yes,37578743,LOCKED,PMC full-text,Thompson CH,2023,The Journal of general physiology,Epilepsy-associated SCN2A (NaV1.2) variants exhibit diverse and complex functional properties.,10.1085/jgp.202313375,
SCN2A,SCN2A_p.R853Q_chr2_166198975,p.R853Q,chr2:166198975,rs794727152,Missense,yes,25772804,LOCKED,PMC full-text,Samanta D,2015,Acta neurologica Belgica,De novo R853Q mutation of SCN2A gene and West syndrome.,10.1007/s13760-015-0454-8,
SCN2A,SCN2A_splice_Splice_chr2_166201064,,chr2:166201064,NA,Splice,yes,24650168,LOCKED,mode_a_sonnet,Tavassoli T,2014,BMC medical genetics,De novo SCN2A splice site mutation in a boy with Autism spectrum disorder.,10.1186/1471-2350-15-35,"The paper is a case report exclusively about the de novo SCN2A splice donor mutation c.476+1G>A (intron 4, NM_021007), the HGVS coding-notation equivalent of the target genomic position chr2:166201064"
SCN2A,,C959*,chr2:166201379,rs746163041,Nonsense,no,40501703,BOTH,regex,Chen X,2025,bioRxiv : the preprint server for biology,Autism-associated,10.1101/2025.06.02.657036,SCN2A-C959X
SCN2A,,C959*,chr2:166201379,rs746163041,Nonsense,no,40501840,BOTH,regex,Wu J,2025,bioRxiv : the preprint server for biology,Human microglia in brain assembloids display region-specific diversity and respond to hyperexcitable neurons carrying,10.1101/2025.06.04.657874,C959X
SCN2A,,C959*,chr2:166201379,rs746163041,Nonsense,no,41642117,LLM_ONLY,Sonnet_LLM,Tan M,2026,Epilepsia,Mechanisms of SCN2A loss of function do not predict presence or phenotype of epilepsy.,10.1002/epi.70100,`C959*`
SCN2A,,C959*,chr2:166201379,rs746163041,Nonsense,no,41706855,REGEX_ONLY,regex,Wu J,2026,Science advances,Human microglia in brain assembloids display region-specific diversity and respond to hyperexcitable neurons carrying,10.1126/sciadv.ady2977,short_X
SCN2A,,G1013*,chr2:166210819,rs780508905,Nonsense,no,41642117,LLM_ONLY,Sonnet_LLM,Tan M,2026,Epilepsia,Mechanisms of SCN2A loss of function do not predict presence or phenotype of epilepsy.,10.1002/epi.70100,`G1013*`
SCN2A,,R1235*,chr2:166226663,rs1085307500,Nonsense,no,41642117,LLM_ONLY,Sonnet_LLM,Tan M,2026,Epilepsia,Mechanisms of SCN2A loss of function do not predict presence or phenotype of epilepsy.,10.1002/epi.70100,`R1235*`
SCN2A,SCN2A_p.E1321K_chr2_166229846,p.E1321K,chr2:166229846,CM157479,Missense,yes,35637276,LOCKED,mode_a_sonnet,Berecki G,2022,Communications biology,Functional correlates of clinical phenotype and severity in recurrent SCN2A variants.,10.1038/s42003-022-03454-1,"E1321K is explicitly named multiple times in prose, Table 1, and figure context as an early-infantile benign SCN2A variant with GoF classification."
SCN2A,,R1435*,chr2:166234155,rs796053138,Nonsense,no,35637276,REGEX_ONLY,regex,Berecki G,2022,Communications biology,Functional correlates of clinical phenotype and severity in recurrent SCN2A variants.,10.1038/s42003-022-03454-1,short_star
SCN2A,SCN2A_splice_Splice_chr2_166234161,,chr2:166234161,rs886039648,Splice,yes,24650168,LOCKED,LLM (abstract),Tavassoli T,2014,BMC medical genetics,De novo SCN2A splice site mutation in a boy with Autism spectrum disorder.,10.1186/1471-2350-15-35,
SCN2A,,R1515*,chr2:166237699,rs1365774406,Nonsense,no,26637798,REGEX_ONLY,regex,D'Gama AM,2015,Neuron,Targeted DNA Sequencing from Autism Spectrum Disorder Brains Implicates Multiple Genetic Mechanisms.,10.1016/j.neuron.2015.11.009,"p.short_star,short_star,c.hgvs"
SCN2A,,R1515*,chr2:166237699,rs1365774406,Nonsense,no,40462216,REGEX_ONLY,regex,Zhao T,2025,Italian journal of pediatrics,SCN2A gene mutations with epilepsy: single center experience.,10.1186/s13052-025-02009-4,"p.short_X,short_X,p.long_star,long_star,c.hgvs"
SCN2A,SCN2A_p.G1744R_chr2_166245546,p.G1744R,chr2:166245546,rs1553463570,Missense,yes,26637798,LOCKED,PMC full-text,D'Gama AM,2015,Neuron,Targeted DNA Sequencing from Autism Spectrum Disorder Brains Implicates Multiple Genetic Mechanisms.,10.1016/j.neuron.2015.11.009,
SCN2A,SCN2A_p.A1773T_chr2_166245633,p.A1773T,chr2:166245633,rs796053162,Missense,yes,32400968,LOCKED,PMC full-text,Miao P,2020,Molecular genetics & genomic medicine,Electrophysiological features: The next precise step for SCN2A developmental epileptic encephalopathy.,10.1002/mgg3.1250,
SCN2A,SCN2A_p.A1773T_chr2_166245633,p.A1773T,chr2:166245633,rs796053162,Missense,yes,38651838,LOCKED,PMC full-text,Berg AT,2024,Brain : a journal of neurology,Expanded clinical phenotype spectrum correlates with variant function in SCN2A-related disorders.,10.1093/brain/awae125,
SCN2A,SCN2A_p.R1918H_chr2_166246069,p.R1918H,chr2:166246069,rs201718767,Missense,yes,11738931,LOCKED,PMC full-text,Haug K,2001,Epilepsy research,The voltage-gated sodium channel gene SCN2A and idiopathic generalized epilepsy.,10.1016/s0920-1211(01)00312-6,
SCN2A,SCN2A_p.D1964N_chr2_166246206,p.D1964N,chr2:166246206,rs1384231143,Missense,yes,38003033,LOCKED,PMC full-text,Sandoval-Talamantes AK,2023,Genes,NGS Custom Panel Implementation in Patients with Non-Syndromic Autism Spectrum Disorders in the Clinical Routine of a Tertiary Hospital.,10.3390/genes14112091,
SHANK2,SHANK2_p.A1732T_chr11_70319333,p.A1732T,chr11:70319333,rs782139023,Missense,yes,25560758,LOCKED,mode_b_sonnet,Peykov S,2015,Molecular psychiatry,Identification and functional characterization of rare SHANK2 variants in schizophrenia.,10.1038/mp.2014.172,"The paper sequences SHANK2 in SCZ patients; it names S610Y, R958S, P1119T, and A1731S as functionally characterized variants — A1731S closely matches p.A1732T (likely same variant with alternate numbe"
SHANK2,SHANK2_p.D727N_chr11_70348922,p.D727N,chr11:70348922,rs781963676,Missense,yes,36450866,LOCKED,PMC full-text,Hassani Nia F,2024,Molecular psychiatry,Structural deficits in key domains of Shank2 lead to alterations in postsynaptic nanoclusters and to a neurodevelopmental disorder in humans.,10.1038/s41380-022-01882-3,
SHANK3,SHANK3_p.R672H_chr22_51143462,p.R672H,chr22:51143462,rs200519592,Missense,yes,21378602,LOCKED,mode_b_sonnet,Waga C,2011,Psychiatric genetics,Novel variants of the SHANK3 gene in Japanese autistic patients with severe delayed speech development.,10.1097/YPG.0b013e328341e069,"The paper describes a missense variant at amino acid 656 (arginine to histidine), which likely corresponds to R672H (numbering differences due to isoform), and two additional variants not in our list;"
SHANK3,SHANK3_p.R672H_chr22_51143462,p.R672H,chr22:51143462,rs200519592,Missense,yes,21624971,LOCKED,mode_a_sonnet,Schaaf CP,2011,Human molecular genetics,Oligogenic heterozygosity in individuals with high-functioning autism spectrum disorders.,10.1093/hmg/ddr243,"Table 1 explicitly lists SHANK3 chr22:49490328 (hg18) G/A Arg→His with 0 affected / 1 control; this coordinate lifts over exactly to chr22:51143462 (hg19), matching the target p.R672H in gene, allele,"
SHANK3,SHANK3_splice_Splice_chr22_51153476,,chr22:51153476,rs1396379503,Splice,yes,30537371,LOCKED,LLM (abstract),Li Y,2018,American journal of medical genetics. Part A,Genotype and phenotype correlations for SHANK3 de novo mutations in neurodevelopmental disorders.,10.1002/ajmg.a.40666,
SHANK3,SHANK3_splice_Splice_chr22_51153476,,chr22:51153476,rs1396379503,Splice,yes,39024300,LOCKED,mode_b_sonnet,Muthaffar OY,2024,PloS one,Clinical description and evaluation of 30 pediatric patients with ultra-rare diseases: A multicenter study with real-world data from Saudi Arabia.,10.1371/journal.pone.0307454,"The paper mentions SHANK3 as one of several genes in a multi-disease cohort; the specific variant reported (c.2313+1G>A, g.51153476G>A) matches SHANK3_splice_Splice_chr22_51153476 by chromosomal posit"
SHANK3,SHANK3_p.G1224D_chr22_51159884,p.G1224D,chr22:51159884,rs1415833883,Missense,yes,21624971,LOCKED,mode_a_sonnet,Schaaf CP,2011,Human molecular genetics,Oligogenic heterozygosity in individuals with high-functioning autism spectrum disorders.,10.1093/hmg/ddr243,"Table 1 lists SHANK3 chr22:49516374 G/A Missense Gly→Asp (hg18); liftover +1,643,510 bp yields chr22:51159884 (hg38) with the same G>A change and Gly→Asp consequence, uniquely identifying p.G1224D."
SHANK3,SHANK3_p.A1340T_chr22_51160231,p.A1340T,chr22:51160231,rs570447203,Missense,yes,21624971,LOCKED,mode_a_sonnet,Schaaf CP,2011,Human molecular genetics,Oligogenic heterozygosity in individuals with high-functioning autism spectrum disorders.,10.1093/hmg/ddr243,"Table 1 lists SHANK3 chr22:49507097 (hg18) G/A Missense Ala→Thr in 1 affected / 0 controls; liftover to hg38 yields chr22:51160231, and the G→A allele with Ala→Thr amino acid change matches p.A1340T /"
SHANK3,SHANK3_p.V1443M_chr22_51160540,p.V1443M,chr22:51160540,NA,Missense,yes,21624971,LOCKED,mode_a_sonnet,Schaaf CP,2011,Human molecular genetics,Oligogenic heterozygosity in individuals with high-functioning autism spectrum disorders.,10.1093/hmg/ddr243,"Table 1 row ""SHANK3 chr22 49507406 G/A Missense NM_001080420 Val Met"" is an exact hg18 representation of the target variant (hg18:chr22:49507406 lifts over to hg19:chr22:51160540, G/A = c.4327G>A, Val"
SHANK3,SHANK3_p.R1649H_chr22_51169442,p.R1649H,chr22:51169442,NA,Missense,yes,21624971,LOCKED,mode_a_sonnet,Schaaf CP,2011,Human molecular genetics,Oligogenic heterozygosity in individuals with high-functioning autism spectrum disorders.,10.1093/hmg/ddr243,"Table 1 reports SHANK3 chr22:49516308 (hg18) G/A Arg→His in 1 affected proband; lifting over to hg19 gives exactly chr22:51169442, matching p.R1649H; the same entry recurs in Table 4 for patient 11 45"
SHANK3,SHANK3_p.A1662T_chr22_51169480,p.A1662T,chr22:51169480,rs2146843777,Missense,yes,21624971,LOCKED,mode_a_sonnet,Schaaf CP,2011,Human molecular genetics,Oligogenic heterozygosity in individuals with high-functioning autism spectrum disorders.,10.1093/hmg/ddr243,"Table 1 lists SHANK3 chr22:49507097 G/A Ala→Thr (NM_001080420, 1 affected/0 controls), which is the hg18 form of chr22:51169480 (hg38); the liftover offset is exactly 1,662,383 bp, and the G→A Ala→Thr"
SHANK3,SHANK3_p.G1668D_chr22_51169499,p.G1668D,chr22:51169499,NA,Missense,yes,21624971,LOCKED,mode_a_sonnet,Schaaf CP,2011,Human molecular genetics,Oligogenic heterozygosity in individuals with high-functioning autism spectrum disorders.,10.1093/hmg/ddr243,"Table 1 lists SHANK3 chr22:49516365 (hg18) G/A Gly→Asp (3 affected, 0 controls), which liftover maps exactly to chr22:51169499 (hg38) = p.G1668D; the variant is unambiguously identified by genomic pos"
SHANK3,SHANK3_p.G1671D_chr22_51169508,p.G1671D,chr22:51169508,NA,Missense,yes,21624971,LOCKED,mode_a_sonnet,Schaaf CP,2011,Human molecular genetics,Oligogenic heterozygosity in individuals with high-functioning autism spectrum disorders.,10.1093/hmg/ddr243,"Table 1 explicitly reports SHANK3 chr22:49516365 (hg18) G/A Gly→Asp (3 affected, 0 controls); liftover of chr22:49516365 hg18 + 1,653,143 bp offset = chr22:51169508 hg38, matching the target exactly, "
TSC2,TSC2_p.R1369Q_chr16_2134329,p.R1369Q,chr16:2134329,rs587778738,Missense,yes,21624971,LOCKED,mode_a_sonnet,Schaaf CP,2011,Human molecular genetics,Oligogenic heterozygosity in individuals with high-functioning autism spectrum disorders.,10.1093/hmg/ddr243,"Table 1 lists TSC2 chr16:2074330 G/A Missense Arg→Gln (NM_021056; 1 affected, 0 controls); hg18 coordinate 2074330 lifts to hg19 chr16:2134329, and Arg→Gln matches p.R1369Q exactly."
TSC2,TSC2_p.G1425R_chr16_2134496,p.G1425R,chr16:2134496,rs763497329,Missense,yes,21624971,LOCKED,mode_a_sonnet,Schaaf CP,2011,Human molecular genetics,Oligogenic heterozygosity in individuals with high-functioning autism spectrum disorders.,10.1093/hmg/ddr243,"Table 1 lists TSC2 chr16:2074497 (hg18) G/A Missense Gly→Arg, which lifts over to chr16:2134496 (hg19) and matches p.G1425R in amino acid change and allele; 1 affected proband, 0 controls."
ZNF292,,R89*,chr6:87925717,rs865909396,Nonsense,no,30564305,BOTH,regex,Guo H,2018,Molecular autism,Inherited and multiple de novo mutations in autism/developmental delay risk genes suggest a multifactorial model.,10.1186/s13229-018-0247-z,p.R89*
ZNF292,,R89*,chr6:87925717,rs865909396,Nonsense,no,37368394,REGEX_ONLY,regex,Wang F,2023,Zhonghua yi xue yi chuan xue za zhi = Zhonghua yixue yichuanxue zazhi = Chinese journal of medical genetics,[Genetic analysis of two children with developmental delay and intellectual disability].,10.3760/cma.j.cn511374-20220318-00181,"short_X,p.long_Ter,long_Ter,c.hgvs"
ZNF292,,R89*,chr6:87925717,rs865909396,Nonsense,no,40777882,REGEX_ONLY,regex,Dongxue L,2025,Clinical case reports,Short Stature and Developmental Delay Associated With a Novel Frame-Shift Mutation in ZNF292: Case Report and Literature Review.,10.1002/ccr3.70747,"short_X,p.long_Ter,long_Ter,c.hgvs"
ZNF292,,R454*,chr6:87964707,rs1215967523,Nonsense,no,31723249,BOTH,regex,Mirzaa GM,2020,Genetics in medicine : official journal of the American College of Medical Genetics,De novo and inherited variants in ZNF292 underlie a neurodevelopmental disorder with features of autism spectrum disorder.,10.1038/s41436-019-0693-9,c.1360C>T (p.Arg454*)
