gene,variant_id,protein_change,chr_pos,rs_id,consequence,in_correctable,n_papers,pmids
ADNP,,Y719*,chr20:49509094,rs587777526,Nonsense,no,18,28579975; 28807863; 29424797; 29780943; 31127536; 32661233; 33673501; 34865853; 35920977; 36082574; 36230962; 36321748; 36669790; 38572415; 38637827; 39715923; 41174994; 41255692
ADNP,,R730*,chr20:49509063,rs886041116,Nonsense,no,8,28807863; 29424797; 31127536; 32661233; 35920977; 36082574; 36321748; 36669790
PTEN,,R335*,chr10:89720852,rs121909231,Nonsense,no,6,29608813; 34386506; 37339263; 38311565; 39920402; 42116069
PTEN,,R130*,chr10:89692904,rs121909224,Nonsense,no,4,37339263; 39006510; 39156315; 39920402
ADNP,,S404*,chr20:49510040,rs587777524,Nonsense,no,3,32661233; 35538192; 36082574
PTEN,,R233*,chr10:89717672,rs121909219,Nonsense,no,3,37339263; 39920402; 42258782
SCN2A,,R102*,chr2:166153563,rs387906683,Nonsense,no,3,30175250; 37642686; 41642117
SCN2A,,C959*,chr2:166201379,rs746163041,Nonsense,no,3,40501703; 40501840; 41642117
ASXL3,,R1036*,chr18:31322918,rs1131691668,Nonsense,no,2,33751541; 39610869
ASXL3,,R1444*,chr18:31324142,rs1555744282,Nonsense,no,2,33751541; 39610869
ASXL3,,R1467*,chr18:31324211,rs1204482456,Nonsense,no,2,33751541; 39610869
GRIN2B,GRIN2B_p.R696H_chr12_13724822,p.R696H,chr12:13724822,rs1555103971,Missense,yes,2,28377535; 34844267
POGZ,,R1008*,chr1:151378489,rs1085307702,Nonsense,no,2,27103995; 37016333
PTEN,PTEN_p.D92N_chr10_89692790,p.D92N,chr10:89692790,rs1554898067,Missense,yes,2,21828076; 40542759
PTEN,PTEN_splice_Nonsense_chr10_89720857,Y336*,chr10:89720857,rs786201816,Nonsense,yes,2,37007974; 42041738
SCN2A,SCN2A_p.A1773T_chr2_166245633,p.A1773T,chr2:166245633,rs796053162,Missense,yes,2,32400968; 38651838
ADNP,,R225*,chr20:49510578,rs1057518991,Nonsense,no,1,36082574
ANK2,,R895*,chr4:114232545,rs2079862618,Nonsense,no,1,31285321
ANK2,,R990*,chr4:114251469,rs1554508985,Nonsense,no,1,31285321
ANK2,ANK2_p.R990Q_chr4_114251470,p.R990Q,chr4:114251470,rs373261456,Missense,yes,1,37658721
ASH1L,ASH1L_p.V2080I_chr1_155348166,p.V2080I,chr1:155348166,rs749494995,Missense,yes,1,38674358
ASH1L,,G535*,chr1:155451058,NA,Nonsense,no,1,38674358
CHD2,CHD2_splice_Nonsense_chr15_93540530,W1261*,chr15:93540530,rs1555444603,Nonsense,yes,1,35627293
CHD2,,R1637*,chr15:93563244,rs864309547,Nonsense,no,1,25783594
CHD2,,R1679*,chr15:93563370,rs797044912,Nonsense,no,1,26754451
CHD8,,R1673*,chr14:21866016,rs1555313924,Nonsense,no,1,40496977
CHD8,,R1662*,chr14:21866049,rs1555313934,Nonsense,no,1,32309624
CHD8,,E883*,chr14:21876554,rs1555315671,Nonsense,no,1,30376831
CHD8,CHD8_p.V744I_chr14_21878144,p.V744I,chr14:21878144,rs996150988,Missense,yes,1,26637798
CHD8,,R482*,chr14:21896185,rs2139531559,Nonsense,no,1,42237036
GRIN2B,GRIN2B_p.R540H_chr12_13768083,p.R540H,chr12:13768083,rs672601378,Missense,yes,1,24272827
GRIN2B,GRIN2B_p.R519Q_chr12_13768146,p.R519Q,chr12:13768146,COSV74205414,Missense,yes,1,41525846
GRIN2B,GRIN2B_p.C456Y_chr12_13768560,p.C456Y,chr12:13768560,rs397514555,Missense,yes,1,32353004
KMT2C,,Y2094*,chr7:151878663,NA,Nonsense,no,1,38883170
POGZ,,E1047*,chr1:151378372,CM162612,Nonsense,no,1,32103003
POGZ,POGZ_p.E1040K_chr1_151378393,p.E1040K,chr1:151378393,rs2102146729,Missense,yes,1,32103003
POGZ,POGZ_p.R476Q_chr1_151396521,p.R476Q,chr1:151396521,rs763820362,Missense,yes,1,33909211
PTEN,PTEN_splice_Nonsense_chr10_89717615,,chr10:89717615,rs121909227,Nonsense,yes,1,40245483
RELN,RELN_p.R2639H_chr7_103155835,p.R2639H,chr7:103155835,rs369735904,Missense,yes,1,27064498
RELN,RELN_p.R2292H_chr7_103180699,p.R2292H,chr7:103180699,rs565382144,Missense,yes,1,27064498
RELN,RELN_p.R2104H_chr7_103185783,p.R2104H,chr7:103185783,rs750878959,Missense,yes,1,27064498
RELN,RELN_p.G1280E_chr7_103234202,p.G1280E,chr7:103234202,rs55689103,Missense,yes,1,38980724
RELN,,Q417*,chr7:103322603,rs1487246488,Nonsense,no,1,27064498
SCN2A,SCN2A_splice_Splice_chr2_166165305,,chr2:166165305,rs796053171,Splice,yes,1,24650168
SCN2A,SCN2A_p.R853Q_chr2_166198975,p.R853Q,chr2:166198975,rs794727152,Missense,yes,1,25772804
SCN2A,SCN2A_splice_Splice_chr2_166201064,,chr2:166201064,NA,Splice,yes,1,24650168
SCN2A,,G1013*,chr2:166210819,rs780508905,Nonsense,no,1,41642117
SCN2A,,R1235*,chr2:166226663,rs1085307500,Nonsense,no,1,41642117
SCN2A,SCN2A_splice_Splice_chr2_166234161,,chr2:166234161,rs886039648,Splice,yes,1,24650168
SCN2A,SCN2A_p.R1918H_chr2_166246069,p.R1918H,chr2:166246069,rs201718767,Missense,yes,1,11738931
SHANK3,SHANK3_splice_Splice_chr22_51153476,,chr22:51153476,rs1396379503,Splice,yes,1,39024300
SHANK3,SHANK3_p.V1443M_chr22_51160540,p.V1443M,chr22:51160540,NA,Missense,yes,1,21624971
SHANK3,SHANK3_p.R1649H_chr22_51169442,p.R1649H,chr22:51169442,NA,Missense,yes,1,21624971
SHANK3,SHANK3_p.A1662T_chr22_51169480,p.A1662T,chr22:51169480,rs2146843777,Missense,yes,1,21624971
ZNF292,,R89*,chr6:87925717,rs865909396,Nonsense,no,1,30564305
ZNF292,,R454*,chr6:87964707,rs1215967523,Nonsense,no,1,31723249
